[
  {
    "id":1,
    "source":0,
    "property_preprocess":false,
    "name":"mbr_RestoreTabContentTpl",
    "description":"",
    "editor_type":0,
    "category":0,
    "cache_type":0,
    "locked":false,
    "properties":null,
    "static":false,
    "static_file":"",
    "filename":"mbr_restoretabcontenttpl.chunk.html",
    "category_name":"migxBackupRestore"
  },
  {
    "id":2,
    "source":0,
    "property_preprocess":false,
    "name":"mbr_RestoreDownloadlistTpl",
    "description":"",
    "editor_type":0,
    "category":0,
    "cache_type":0,
    "locked":false,
    "properties":null,
    "static":false,
    "static_file":"",
    "filename":"mbr_restoredownloadlisttpl.chunk.html",
    "category_name":"migxBackupRestore"
  },
  {
    "id":3,
    "source":0,
    "property_preprocess":false,
    "name":"mbr_RestoreDownloadCodeTpl",
    "description":"",
    "editor_type":0,
    "category":0,
    "cache_type":0,
    "locked":false,
    "properties":null,
    "static":false,
    "static_file":"",
    "filename":"mbr_restoredownloadcodetpl.chunk.html",
    "category_name":"migxBackupRestore"
  },
  {
    "id":16,
    "source":0,
    "property_preprocess":false,
    "name":"mbr_ClientInstaller",
    "description":"",
    "editor_type":0,
    "category":0,
    "cache_type":0,
    "locked":false,
    "properties":null,
    "static":false,
    "static_file":"",
    "filename":"mbr_clientinstaller.chunk.html",
    "category_name":"migxBackupRestore"
  }
]