[
  {
    "id":223,
    "source":0,
    "property_preprocess":false,
    "name":"mbrBackup",
    "description":"",
    "editor_type":0,
    "category":0,
    "cache_type":0,
    "locked":false,
    "properties":null,
    "moduleguid":"",
    "static":false,
    "static_file":"",
    "filename":"mbrbackup.snippet.php",
    "category_name":"migxBackupRestore"
  },
  {
    "id":224,
    "source":0,
    "property_preprocess":false,
    "name":"mbrPrepareClientInstaller",
    "description":"",
    "editor_type":0,
    "category":0,
    "cache_type":0,
    "locked":false,
    "properties":null,
    "moduleguid":"",
    "static":false,
    "static_file":"",
    "filename":"mbrprepareclientinstaller.snippet.php",
    "category_name":"migxBackupRestore"
  },
  {
    "id":225,
    "source":0,
    "property_preprocess":false,
    "name":"mbrClientInstallerWidget",
    "description":"",
    "editor_type":0,
    "category":0,
    "cache_type":0,
    "locked":false,
    "properties":null,
    "moduleguid":"",
    "static":false,
    "static_file":"",
    "filename":"mbrclientinstallerwidget.snippet.php",
    "category_name":"migxBackupRestore"
  }
]